year,period,mp_poor,r1y_eu,jk_gdp,jk_def,ice,neer,rstar
1999,1,0.1958,2.883,1451.4,439.8,7.95,462.68,4.015
1999,2,-0.13619,3.016,1451.3,439.79,7.5,460.45,4.0463
1999,3,-0.32789,2.871,1452.2,439.85,7.07,458.66,3.9972
1999,4,-0.52052,2.616,1452.1,439.97,6.83,457.39,3.9805
1999,5,0.4622,2.667,1452.1,440.05,6.73,456.87,4.0273
1999,6,0.029803,2.889,1452.7,440.16,6.13,454.97,4.1501
1999,7,0.055972,2.987,1453.2,440.31,6.19,455.09,4.2684
1999,8,-0,3.088,1453.4,440.44,6.37,455.92,4.3411
1999,9,-4.5006,3.152,1453.3,440.53,6.27,454.2,4.6354
1999,10,-0,3.427,1454.5,440.58,6.16,455.1,4.7197
1999,11,0,3.502,1454.3,440.65,5.69,452.66,4.8593
1999,12,-0.31081,3.662,1455,440.79,5.42,450.67,5.0434
2000,1,-0.010436,3.889,1455,440.91,5.36,450.71,5.2301
2000,2,-0.13619,3.892,1455.9,441.03,5.4,449.38,5.2664
2000,3,-8.0186,4.139,1456.1,441.17,5.96,447.81,5.2723
2000,4,0,4.347,1456.4,441.26,6.38,445.96,5.1815
2000,5,-1.5412,4.739,1456.7,441.38,7.25,444.05,5.2598
2000,6,15.857,4.872,1456.7,441.57,7.25,447.52,5.1674
2000,7,2.3216,5.036,1457.2,441.74,7.56,446.9,5.1387
2000,8,-6.5024,5.14,1457,441.89,7.67,444.16,5.2101
2000,9,-3.1486,5.094,1457.5,442.02,8.59,442.09,5.1222
2000,10,7.1489,5.173,1457.4,442.05,9.64,440.5,5.0219
2000,11,-0.20024,4.949,1457.9,442.22,12.11,441.36,4.9586
2000,12,0,4.631,1458.7,442.47,11.57,444.77,4.6892
2001,1,0.45343,4.466,1458.9,442.79,9.73,448.83,4.3854
2001,2,0,4.525,1458.9,443.1,9.96,447.91,4.2864
2001,3,8.6639,4.289,1458.7,443.36,11.43,447.77,4.0545
2001,4,0,4.748,1458.7,443.57,10.56,446.72,3.9375
2001,5,-21.523,4.395,1459,443.81,9.93,444.97,3.9143
2001,6,0.071411,4.266,1459,444,11.44,443.51,3.948
2001,7,2.0075,4.176,1458.7,444.2,12.16,444.16,3.8742
2001,8,5.9922,3.997,1459.2,444.38,12.49,446.97,3.6915
2001,9,1.2333,3.457,1459,444.57,16.17,447.33,3.1255
2001,10,2.3536,3.208,1458.8,444.75,14.83,447.26,2.7994
2001,11,3.1228,3.163,1459.3,444.94,14.52,445.87,2.747
2001,12,3.3255,3.31,1459.6,445.21,12.35,446.63,2.8914
2002,1,0,3.504,1458.8,445.62,12.22,446.32,2.8272
2002,2,0,3.49,1459.8,445.82,12.76,445.35,2.8671
2002,3,0,3.908,1459.5,445.91,11.31,445.49,3.134
2002,4,-0,3.679,1459.7,445.89,11.17,445.96,3.0916
2002,5,5.2037,3.973,1460.1,445.97,10.29,447.74,3.1004
2002,6,0.75872,3.681,1459.8,446.18,10.83,450.13,2.9883
2002,7,-0,3.409,1460.1,446.56,11.87,451.41,2.7033
2002,8,0.0017347,3.33,1460.4,446.85,12.07,450.72,2.5915
2002,9,-0,3.044,1460.2,447.05,13.49,450.78,2.4856
2002,10,2.8204,3.027,1460.5,447.16,11.41,451.09,2.467
2002,11,1.8715,2.95,1460.4,447.27,10.42,452.13,2.4894
2002,12,-0,2.654,1460.3,447.41,10.07,453.22,2.3696
2003,1,0,2.567,1460.2,447.67,7.97,455.63,2.304
2003,2,1.7356,2.293,1460.2,447.85,8.47,456.99,2.1579
2003,3,3.179,2.331,1460,448.02,7.9,457.79,2.1514
2003,4,1.8073,2.327,1460.1,448.1,5.94,458.48,2.1719
2003,5,3.8565,2.092,1460.2,448.26,6.07,462.4,2.0695
2003,6,-0,1.986,1460.3,448.53,5.27,462.57,1.977
2003,7,0.53121,2.129,1460.5,448.88,5.1,461.36,2.0647
2003,8,0,2.236,1460.9,449.12,4.58,460.24,2.2682
2003,9,-0,2.048,1461,449.27,4.55,460.02,2.2221
2003,10,1.4227,2.292,1461.6,449.26,3.87,461.58,2.3926
2003,11,0,2.355,1461.3,449.3,3.65,461.46,2.4682
2003,12,-0,2.208,1461.4,449.38,4.1,464.2,2.3815
2004,1,-0.86877,2.155,1462.1,449.59,3.73,465.18,2.4679
2004,2,-0,2.003,1461.9,449.75,3.79,464.85,2.4179
2004,3,0,1.902,1462.2,449.94,3.63,463.24,2.4145
2004,4,7.4719,2.125,1462.4,450.15,3.29,461.54,2.5439
2004,5,1.0456,2.299,1462.8,450.32,3.87,462.36,2.783
2004,6,-1.2925,2.313,1462.6,450.47,3.53,462.21,2.9227
2004,7,-0,2.243,1463.3,450.59,3.63,462.82,2.9378
2004,8,-0.14749,2.231,1462.7,450.75,3.48,462.73,2.817
2004,9,1.1369,2.315,1462.7,450.92,3.32,463.21,2.8195
2004,10,-0,2.239,1463.4,451.14,3.23,464.37,2.8358
2004,11,-0,2.245,1463.1,451.31,2.97,465.63,2.8665
2004,12,1.4058,2.285,1463.4,451.47,2.78,467.02,2.9289
2005,1,-3.919,2.212,1463.8,451.58,2.85,466.11,3.0316
2005,2,-0,2.231,1463.4,451.74,2.43,465.51,3.1683
2005,3,-0.97007,2.261,1463.2,451.91,3.29,466.19,3.2489
2005,4,-0,2.115,1463.6,452.06,3.98,465.13,3.198
2005,5,0,2.071,1464.3,452.19,4.4,464.13,3.1233
2005,6,1.5583,2.003,1464.5,452.29,3.92,461.54,3.0623
2005,7,0,2.146,1464.6,452.41,3.38,462.37,3.1656
2005,8,-0,2.132,1464.5,452.58,3.41,462.99,3.2424
2005,9,-0.77384,2.264,1465.2,452.85,3.33,462.51,3.3056
2005,10,-0.34392,2.467,1465.3,453.11,3.35,462.12,3.4663
2005,11,-1.0194,2.637,1465.5,453.27,3.65,461.44,3.5327
2005,12,-2.9032,2.724,1465.5,453.4,3.99,461.55,3.5386
2006,1,-2.5399,2.763,1466.2,453.47,3.28,462.32,3.6079
2006,2,-0.87516,2.821,1466.3,453.57,3.35,461.72,3.6875
2006,3,1.0157,3.117,1466.5,453.71,2.94,462.4,3.7636
2006,4,-9.4206,3.13,1467.3,453.93,2.79,463.42,3.881
2006,5,-0,3.178,1467.2,454.12,3.03,464.22,3.9716
2006,6,-3.9325,3.372,1467.8,454.3,3.14,464.23,4.0905
2006,7,2.1446,3.37,1467.7,454.49,3.02,464.55,4.1327
2006,8,2.818,3.469,1467.9,454.66,2.89,464.71,4.134
2006,9,0,3.609,1468.5,454.8,2.87,464.53,4.1044
2006,10,-0.15681,3.687,1468.6,454.95,2.53,464.19,4.1877
2006,11,-0,3.697,1469.2,455.16,2.52,464.96,4.1981
2006,12,0,3.879,1469.6,455.43,2.33,466.1,4.2386
2007,1,-4.648,3.958,1469.4,455.79,2.08,465.49,4.3772
2007,2,0.89417,3.944,1469.6,456.03,2.22,466.01,4.3466
2007,3,0,4.073,1470.7,456.23,2.18,466.86,4.3309
2007,4,-0,4.161,1470.5,456.41,2.05,467.92,4.3993
2007,5,-0,4.326,1470.1,456.53,1.87,468.1,4.47
2007,6,-0,4.407,1470.9,456.68,2.26,467.68,4.5361
2007,7,0.080435,4.382,1470.4,456.86,3.5,468.4,4.5374
2007,8,-0,4.096,1471.1,457.04,4.1,467.96,4.2902
2007,9,-3.863,4.035,1471.4,457.28,3.68,469.07,4.0744
2007,10,-0,4.161,1471.6,457.57,3.7,470.24,4.0825
2007,11,-0,4.02,1471.7,457.82,4.94,471.88,3.7763
2007,12,2.368,4.067,1471.1,457.95,4.91,472.4,3.635
2008,1,-0,3.7,1471.8,458.05,6.63,473.17,3.2824
2008,2,-0,3.652,1472.6,458.14,7.35,473.09,3.0127
2008,3,3.232,3.771,1471.6,458.38,7.65,475.82,2.7954
2008,4,-0.11316,4.028,1472.1,458.62,6.22,477.5,2.9466
2008,5,-0,4.271,1471.5,458.84,6.15,477.23,3.2528
2008,6,15.656,4.68,1471.2,458.95,7.33,477.45,3.4596
2008,7,-10.073,4.45,1471,458.92,8.35,478.2,3.3446
2008,8,-0,4.321,1471.3,458.96,8.72,476.14,3.2043
2008,9,-0,3.336,1471.1,459.13,12.08,474.53,2.8812
2008,10,-0,2.502,1470.5,459.39,19.19,470.76,2.1685
2008,11,18.956,1.999,1469.2,459.55,21.82,470.19,1.5849
2008,12,4.9192,1.715,1468.4,459.6,22.04,475.11,0.90281
2009,1,-0,1.161,1467.1,459.7,19.54,474.14,0.8053
2009,2,-0,1.029,1466.3,459.74,20.5,472.1,0.75575
2009,3,0,0.855,1465.7,459.7,19.93,474.87,0.71237
2009,4,7.6608,0.897,1466.3,459.7,18.87,474.17,0.68591
2009,5,0,0.944,1465.9,459.69,15.82,474.52,0.66594
2009,6,0,0.832,1466.1,459.76,14.18,475.22,0.75257
2009,7,-0,0.622,1466.7,459.82,11.59,475.41,0.7087
2009,8,0,0.599,1466,459.93,10.55,475.49,0.68602
2009,9,-0,0.682,1466.3,460,8.83,476.7,0.69266
2009,10,-0,0.723,1466.7,460.08,8.3,477.78,0.68079
2009,11,0,0.81,1466.8,460.14,8.13,477.49,0.63352
2009,12,-3.893,0.796,1467.2,460.13,7.55,476.54,0.71607
2010,1,-0,0.611,1466.7,460.11,6.92,474.47,0.68973
2010,2,0,0.536,1467.3,460.09,7.64,471.93,0.66457
2010,3,-1.4032,0.504,1467.9,460.15,6.23,471.62,0.70256
2010,4,0.39461,0.453,1468,460.23,6.17,470.14,0.72394
2010,5,0,0.263,1468.1,460.3,7.99,466.47,0.68057
2010,6,-0.37545,0.432,1469,460.42,7.79,463.87,0.69354
2010,7,0,0.506,1468.6,460.6,6.57,465.69,0.70036
2010,8,0,0.476,1468.6,460.74,6.83,465.32,0.66363
2010,9,-0,0.708,1469.1,460.81,5.91,465.7,0.66338
2010,10,-0.39146,0.865,1469.6,460.87,5.52,469.71,0.65361
2010,11,0,0.695,1469.3,460.92,6.53,468.34,0.66291
2010,12,-0,0.603,1469.1,460.96,6.03,465.74,0.71343
2011,1,3.9115,0.963,1469.8,461.04,5.28,465.84,0.76427
2011,2,0,1.115,1470.4,461.09,5.01,466.97,0.81454
2011,3,13.577,1.275,1470.1,461.21,5.16,468.67,0.81838
2011,4,0,1.357,1470.1,461.33,4.99,470.72,0.76702
2011,5,0,1.371,1470,461.42,5.05,469.57,0.71778
2011,6,-2.238,1.441,1470.2,461.49,5.61,469.57,0.71433
2011,7,0,1.12,1470.1,461.58,5.96,468.37,0.69729
2011,8,0,0.639,1470.2,461.7,8.27,467.76,0.61847
2011,9,-0,0.377,1470.2,461.85,9.88,466.69,0.65423
2011,10,14.765,0.389,1469.7,462,8.11,466.94,0.67
2011,11,0,-0.024,1469.8,462.12,9.93,466.13,0.59797
2011,12,-0,-0.081,1469.9,462.2,10.42,464.26,0.57636
2012,1,-0,0.076,1470,462.3,8.64,462.29,0.58498
2012,2,0,0.119,1469.1,462.39,7.45,463.53,0.62597
2012,3,-0,0.118,1469.7,462.5,7.23,463.89,0.6343
2012,4,0.060084,0.025,1469.1,462.63,7.73,463.26,0.60995
2012,5,0,0.008,1469.4,462.68,8.77,461.38,0.54564
2012,6,2.6573,0.035,1469.5,462.76,8.2,460.32,0.55823
2012,7,-0,-0.056,1469.1,462.85,8.14,458.3,0.47794
2012,8,0,-0.015,1469.3,462.98,7.38,458.35,0.50061
2012,9,0,-0.018,1469,463.13,6.92,460.61,0.50041
2012,10,0.29019,-0.005,1468.6,463.27,6.46,461.47,0.48262
2012,11,0,-0.003,1468.8,463.36,6.05,460.87,0.49764
2012,12,-0,0,1468.6,463.5,5.55,462.55,0.49531
2013,1,0,0.143,1468,463.64,5.4,464.46,0.48665
2013,2,0,0.008,1468.1,463.76,5.35,466.03,0.45607
2013,3,1.3606,0.008,1469,463.89,5.42,464.51,0.43702
2013,4,-0,0.003,1468.6,463.97,4.72,464.79,0.44692
2013,5,0,0.001,1469.2,464.05,4.81,465.18,0.46454
2013,6,1.8026,0.086,1468.8,464.14,5.42,466.08,0.47401
2013,7,-2.1706,0.05,1469,464.19,5.05,466.21,0.45744
2013,8,0,0.102,1469.2,464.24,4.96,466.93,0.46966
2013,9,-0.67628,0.091,1469.2,464.31,4.91,466.46,0.46973
2013,10,-0,0.062,1469.2,464.35,4.45,467.54,0.4732
2013,11,0,0.079,1469.6,464.43,4.22,467.06,0.47439
2013,12,1.2356,0.137,1469.3,464.54,3.6,468.21,0.48292
2014,1,-0,0.057,1469.5,464.66,3.72,467.78,0.46108
2014,2,0,0.111,1469.9,464.74,3.22,467.7,0.45182
2014,3,3.7875,0.14,1469.7,464.78,3.13,468.49,0.47527
2014,4,0,0.143,1469.9,464.81,3.1,468.17,0.47679
2014,5,0,0.064,1469.8,464.81,3.22,467.39,0.44351
2014,6,-1.9727,0.01,1470,464.85,3.26,466.53,0.49147
2014,7,-0.63074,0.008,1470.1,464.89,3.56,466.04,0.47922
2014,8,0,-0.029,1470.5,464.99,3.55,465.38,0.43186
2014,9,-5.95,-0.077,1470.5,465.16,3.96,463.91,0.4383
2014,10,0.2795,-0.069,1470.5,465.36,4,463.22,0.39078
2014,11,0,-0.08,1470.6,465.51,3.78,463.28,0.40165
2014,12,0.66468,-0.094,1471.1,465.61,4.09,463.2,0.39289
2015,1,-0.99274,-0.168,1471.6,465.64,4.06,458.39,0.34975
2015,2,0,-0.21,1471.6,465.79,3.75,456.24,0.3581
2015,3,-0,-0.244,1471.2,465.89,3.99,453.33,0.32969
2015,4,0,-0.279,1471.8,465.97,3.84,452.45,0.35595
2015,5,0,-0.251,1471.8,466.08,3.86,454.21,0.34555
2015,6,-0,-0.26,1472.1,466.12,4.4,454.99,0.36953
2015,7,-0.058468,-0.246,1472.4,466.15,4.29,453.98,0.37089
2015,8,0,-0.287,1472.2,466.23,4.65,455.64,0.3808
2015,9,-0.35287,-0.296,1472.2,466.37,5.55,456.65,0.37304
2015,10,-2.414,-0.374,1472.4,466.61,4.9,456.42,0.35258
2015,11,0,-0.386,1472.6,466.75,4.66,453.36,0.43331
2015,12,9.6175,-0.389,1473,466.8,5.35,454.77,0.46819
2016,1,-2.5829,-0.469,1473.1,466.81,5.71,455.88,0.38244
2016,2,0,-0.515,1473,466.81,6.08,457.47,0.36539
2016,3,0,-0.483,1473.2,466.83,5.05,456.91,0.44057
2016,4,0.040271,-0.522,1473.5,466.78,4.55,457.79,0.41038
2016,5,0,-0.552,1473.6,466.81,4.6,457.63,0.40014
2016,6,-0,-0.638,1473.6,466.85,4.82,457.12,0.3017
2016,7,0,-0.621,1473.7,466.89,4.3,457.66,0.27301
2016,8,0,-0.625,1474.1,466.98,3.86,458.38,0.30155
2016,9,1.1973,-0.681,1474.1,467.14,4.16,458.47,0.29959
2016,10,-0.21472,-0.713,1474.2,467.36,3.76,458.98,0.35031
2016,11,0,-0.821,1474.5,467.5,4.23,457.76,0.36697
2016,12,0,-0.852,1474.8,467.54,3.78,456.38,0.38814
