year,period,mp,r,unemp,cpi,ice,neer
1999,1,2.4166,2.883,10.2,430.51,7.95,462.68
1999,2,-0.61338,3.016,10.1,430.54,7.5,460.45
1999,3,-0.63825,2.871,10.1,430.74,7.07,458.66
1999,4,-0.91669,2.616,10,431.11,6.83,457.39
1999,5,1.3805,2.667,9.9,431.09,6.73,456.87
1999,6,0.50732,2.889,9.9,431.12,6.13,454.97
1999,7,-0.053164,2.987,9.8,431.33,6.19,455.09
1999,8,0.54279,3.088,9.7,431.51,6.37,455.92
1999,9,-4.513,3.152,9.6,431.62,6.27,454.2
1999,10,-7.7673,3.427,9.6,431.78,6.16,455.1
1999,11,1.0905,3.502,9.5,431.95,5.69,452.66
1999,12,-0.9308,3.662,9.4,432.21,5.42,450.67
2000,1,0.50218,3.889,9.4,432.36,5.36,450.71
2000,2,-2.9349,3.892,9.3,432.52,5.4,449.38
2000,3,-7.2911,4.139,9.2,432.74,5.96,447.81
2000,4,2.3273,4.347,9.1,432.73,6.38,445.96
2000,5,-5.8501,4.739,9,432.86,7.25,444.05
2000,6,12.88,4.872,8.9,433.26,7.25,447.52
2000,7,1.9811,5.036,8.8,433.38,7.56,446.9
2000,8,-5.4533,5.14,8.8,433.57,7.67,444.16
2000,9,-3.4663,5.094,8.7,434.06,8.59,442.09
2000,10,3.4464,5.173,8.6,434.12,9.64,440.5
2000,11,-1.1183,4.949,8.5,434.42,12.11,441.36
2000,12,0.16506,4.631,8.4,434.29,11.57,444.77
2001,1,0.86512,4.466,8.3,434.22,9.73,448.83
2001,2,-0.29216,4.525,8.3,434.52,9.96,447.91
2001,3,7.4388,4.289,8.3,434.74,11.43,447.77
2001,4,8.0415,4.748,8.3,435.12,10.56,446.72
2001,5,-15.629,4.395,8.3,435.56,9.93,444.97
2001,6,2.7274,4.266,8.3,435.72,11.44,443.51
2001,7,3.0675,4.176,8.3,435.77,12.16,444.16
2001,8,4.4765,3.997,8.3,435.84,12.49,446.97
2001,9,2.9145,3.457,8.3,436.08,16.17,447.33
2001,10,5.1188,3.208,8.3,436.09,14.83,447.26
2001,11,3.5025,3.163,8.4,436.09,14.52,445.87
2001,12,3.1628,3.31,8.4,436.21,12.35,446.63
2002,1,0.90054,3.504,8.4,436.84,12.22,446.32
2002,2,-0.09757,3.49,8.5,436.96,12.76,445.35
2002,3,0.123,3.908,8.5,437.19,11.31,445.49
2002,4,-0.62498,3.679,8.6,437.46,11.17,445.96
2002,5,3.9887,3.973,8.6,437.56,10.29,447.74
2002,6,1.3267,3.681,8.6,437.58,10.83,450.13
2002,7,0.12323,3.409,8.6,437.79,11.87,451.41
2002,8,1.6004,3.33,8.7,437.95,12.07,450.72
2002,9,0.9169,3.044,8.7,438.15,13.49,450.78
2002,10,2.3051,3.027,8.8,438.33,11.41,451.09
2002,11,6.0326,2.95,8.8,438.33,10.42,452.13
2002,12,0.19871,2.654,8.8,438.49,10.07,453.22
2003,1,-2.2719,2.567,9,438.96,7.97,455.63
2003,2,5.3414,2.293,9,439.27,8.47,456.99
2003,3,6.1758,2.331,9.1,439.56,7.9,457.79
2003,4,1.8371,2.327,9.1,439.44,5.94,458.48
2003,5,5.7925,2.092,9.1,439.4,6.07,462.4
2003,6,-0.90697,1.986,9.1,439.56,5.27,462.57
2003,7,0.13112,2.129,9.1,439.73,5.1,461.36
2003,8,0,2.236,9.1,439.96,4.58,460.24
2003,9,-0.045338,2.048,9.1,440.22,4.55,460.02
2003,10,3.2473,2.292,9.1,440.31,3.87,461.58
2003,11,-0.043492,2.355,9.1,440.39,3.65,461.46
2003,12,0.57305,2.208,9.2,440.44,4.1,464.2
2004,1,-1.5156,2.155,9.3,440.78,3.73,465.18
2004,2,-0.44871,2.003,9.3,440.93,3.79,464.85
2004,3,1.6459,1.902,9.3,441.23,3.63,463.24
2004,4,5.7703,2.125,9.3,441.51,3.29,461.54
2004,5,1.788,2.299,9.3,441.79,3.87,462.36
2004,6,-1.2966,2.313,9.3,441.9,3.53,462.21
2004,7,0.74817,2.243,9.3,442.03,3.63,462.82
2004,8,-0.26106,2.231,9.3,442.26,3.48,462.73
2004,9,1.196,2.315,9.3,442.32,3.32,463.21
2004,10,-0.57138,2.239,9.3,442.59,3.23,464.37
2004,11,-0.19544,2.245,9.3,442.59,2.97,465.63
2004,12,1.9224,2.285,9.2,442.71,2.78,467.02
2005,1,-2.497,2.212,9.2,442.76,2.85,466.11
2005,2,0.5854,2.231,9.2,442.99,2.43,465.51
2005,3,-1.1143,2.261,9.2,443.34,3.29,466.19
2005,4,-0.084607,2.115,9.3,443.59,3.98,465.13
2005,5,-0.74208,2.071,9.2,443.68,4.4,464.13
2005,6,1.4009,2.003,9.2,443.88,3.92,461.54
2005,7,-1.5486,2.146,9.1,444.19,3.38,462.37
2005,8,0.13667,2.132,9.1,444.44,3.41,462.99
2005,9,-0.83704,2.264,9.1,444.86,3.33,462.51
2005,10,-0.81077,2.467,9.1,444.98,3.35,462.12
2005,11,-2.6303,2.637,9,444.82,3.65,461.44
2005,12,-3.2177,2.724,8.9,444.9,3.99,461.55
2006,1,-1.9217,2.763,8.9,445.17,3.28,462.32
2006,2,-0.64584,2.821,8.8,445.33,3.35,461.72
2006,3,2.2798,3.117,8.7,445.5,2.94,462.4
2006,4,-6.7889,3.13,8.6,445.88,2.79,463.42
2006,5,0.041235,3.178,8.5,446.14,3.03,464.22
2006,6,-4.226,3.372,8.4,446.31,3.14,464.23
2006,7,1.7002,3.37,8.3,446.6,3.02,464.55
2006,8,1.8003,3.469,8.3,446.74,2.89,464.71
2006,9,0,3.609,8.2,446.59,2.87,464.53
2006,10,-0.38447,3.687,8.1,446.53,2.53,464.19
2006,11,2.3968,3.697,8.1,446.66,2.52,464.96
2006,12,-0.75969,3.879,8,446.77,2.33,466.1
2007,1,-4.8338,3.958,7.9,447.03,2.08,465.49
2007,2,1.3266,3.944,7.8,447.18,2.22,466.01
2007,3,0.31986,4.073,7.7,447.39,2.18,466.86
2007,4,0.69356,4.161,7.6,447.82,2.05,467.92
2007,5,-0.024532,4.326,7.6,448.04,1.87,468.1
2007,6,-0.32407,4.407,7.5,448.19,2.26,467.68
2007,7,0.41635,4.382,7.5,448.39,3.5,468.4
2007,8,-0.13259,4.096,7.5,448.48,4.1,467.96
2007,9,-3.9879,4.035,7.4,448.69,3.68,469.07
2007,10,0.018039,4.161,7.4,449.04,3.7,470.24
2007,11,-0.36239,4.02,7.4,449.64,4.94,471.88
2007,12,2.6242,4.067,7.4,449.78,4.91,472.4
2008,1,0.68851,3.7,7.4,450.23,6.63,473.17
2008,2,-1.6261,3.652,7.3,450.36,7.35,473.09
2008,3,3.7137,3.771,7.3,450.83,7.65,475.82
2008,4,-0.22182,4.028,7.4,451.04,6.22,477.5
2008,5,0.47827,4.271,7.4,451.62,6.15,477.23
2008,6,11,4.68,7.5,452.08,7.33,477.45
2008,7,-10.341,4.45,7.5,452.39,8.35,478.2
2008,8,-1.2832,4.321,7.6,452.19,8.72,476.14
2008,9,1.8085,3.336,7.7,452.28,12.08,474.53
2008,10,-1.4955,2.502,7.8,452.14,19.19,470.76
2008,11,15.685,1.999,8.1,451.72,21.82,470.19
2008,12,7.5322,1.715,8.4,451.34,22.04,475.11
2009,1,0.29329,1.161,8.8,451.4,19.54,474.14
2009,2,-2.3455,1.029,9.1,451.56,20.5,472.1
2009,3,-0.69204,0.855,9.4,451.45,19.93,474.87
2009,4,4.8924,0.897,9.5,451.59,18.87,474.17
2009,5,0,0.944,9.6,451.66,15.82,474.52
2009,6,2.5534,0.832,9.7,451.93,14.18,475.22
2009,7,0.89828,0.622,9.9,451.76,11.59,475.41
2009,8,0,0.599,9.9,452.02,10.55,475.49
2009,9,-2.3027,0.682,10,451.95,8.83,476.7
2009,10,-1.1308,0.723,10.1,451.97,8.3,477.78
2009,11,0,0.81,10.2,452.18,8.13,477.49
2009,12,-3.3639,0.796,10.2,452.22,7.55,476.54
2010,1,-0.38019,0.611,10.3,452.5,6.92,474.47
2010,2,0,0.536,10.3,452.55,7.64,471.93
2010,3,-1.8028,0.504,10.3,452.88,6.23,471.62
2010,4,0.54871,0.453,10.4,453.22,6.17,470.14
2010,5,0,0.263,10.4,453.28,7.99,466.47
2010,6,-2.322,0.432,10.3,453.36,7.79,463.87
2010,7,1.2049,0.506,10.2,453.5,6.57,465.69
2010,8,0,0.476,10.2,453.59,6.83,465.32
2010,9,-0.50481,0.708,10.2,453.7,5.91,465.7
2010,10,-0.45224,0.865,10.3,453.87,5.52,469.71
2010,11,0,0.695,10.2,454.06,6.53,468.34
2010,12,-0.8673,0.603,10.2,454.39,6.03,465.74
2011,1,2.4679,0.963,10.2,454.88,5.28,465.84
2011,2,0,1.115,10.1,455.12,5.01,466.97
2011,3,8.8744,1.275,10.1,455.5,5.16,468.67
2011,4,-0.21213,1.357,10,455.84,4.99,470.72
2011,5,0,1.371,10.1,455.89,5.05,469.57
2011,6,-2.0115,1.441,10.1,455.92,5.61,469.57
2011,7,-1.1757,1.12,10.2,456.15,5.96,468.37
2011,8,0,0.639,10.3,456.3,8.27,467.76
2011,9,0.70771,0.377,10.4,456.54,9.88,466.69
2011,10,11.787,0.389,10.5,456.77,8.11,466.94
2011,11,0,-0.024,10.7,456.99,9.93,466.13
2011,12,3.0193,-0.081,10.8,457.08,10.42,464.26
2012,1,2.4109,0.076,10.8,457.53,8.64,462.29
2012,2,0,0.119,11,457.83,7.45,463.53
2012,3,0.52796,0.118,11.2,458.15,7.23,463.89
2012,4,0.6502,0.025,11.3,458.4,7.73,463.26
2012,5,0,0.008,11.3,458.29,8.77,461.38
2012,6,3.5286,0.035,11.4,458.29,8.2,460.32
2012,7,-1.9094,-0.056,11.5,458.5,8.14,458.3
2012,8,0,-0.015,11.6,458.85,7.38,458.35
2012,9,-3.4114,-0.018,11.7,459.12,6.92,460.61
2012,10,0.47476,-0.005,11.8,459.25,6.46,461.47
2012,11,0,-0.003,11.9,459.18,6.05,460.87
2012,12,-0.63687,0,12,459.28,5.55,462.55
2013,1,-0.07308,0.143,12.1,459.52,5.4,464.46
2013,2,0,0.008,12.1,459.65,5.35,466.03
2013,3,1.0255,0.008,12.1,459.77,5.42,464.51
2013,4,2.2422,0.003,12.1,459.69,4.72,464.79
2013,5,0,0.001,12.1,459.73,4.81,465.18
2013,6,3.3646,0.086,12.1,459.87,5.42,466.08
2013,7,-6.2199,0.05,12.1,460.03,5.05,466.21
2013,8,0,0.102,12,460.11,4.96,466.93
2013,9,-0.78169,0.091,12.1,460.17,4.91,466.46
2013,10,0.56366,0.062,12,460,4.45,467.54
2013,11,0,0.079,12,460.01,4.22,467.06
2013,12,1.816,0.137,11.9,460.2,3.6,468.21
2014,1,0.50083,0.057,12,460.3,3.72,467.78
2014,2,0,0.111,12,460.36,3.22,467.7
2014,3,3.3146,0.14,11.8,460.31,3.13,468.49
2014,4,-1.1989,0.143,11.7,460.36,3.1,468.17
2014,5,0,0.064,11.7,460.27,3.22,467.39
2014,6,-3.5245,0.01,11.5,460.35,3.26,466.53
2014,7,-1.8526,0.008,11.6,460.35,3.56,466.04
2014,8,0,-0.029,11.5,460.4,3.55,465.38
2014,9,-6.7004,-0.077,11.5,460.49,3.96,463.91
2014,10,5.0683,-0.069,11.6,460.39,4,463.22
2014,11,0,-0.08,11.6,460.32,3.78,463.28
2014,12,5.3694,-0.094,11.4,460.04,4.09,463.2
2015,1,-2.0858,-0.168,11.3,459.9,4.06,458.39
2015,2,0,-0.21,11.3,460.24,3.75,456.24
2015,3,-0.074283,-0.244,11.2,460.43,3.99,453.33
2015,4,-0.12572,-0.279,11.1,460.54,3.84,452.45
2015,5,0,-0.251,11.1,460.72,3.86,454.21
2015,6,0.80042,-0.26,11,460.77,4.4,454.99
2015,7,-0.2045,-0.246,10.8,460.69,4.29,453.98
2015,8,0,-0.287,10.7,460.61,4.65,455.64
2015,9,-3.1458,-0.296,10.6,460.56,5.55,456.65
2015,10,-7.5906,-0.374,10.6,460.64,4.9,456.42
2015,11,0,-0.386,10.5,460.67,4.66,453.36
2015,12,17.025,-0.389,10.5,460.47,5.35,454.77
2016,1,-2.8147,-0.469,10.4,460.22,5.71,455.88
2016,2,0,-0.515,10.4,460.15,6.08,457.47
2016,3,0.98021,-0.483,10.3,460.35,5.05,456.91
2016,4,0.78047,-0.522,10.3,460.36,4.55,457.79
2016,5,0,-0.552,10.2,460.6,4.6,457.63
2016,6,1.2407,-0.638,10.1,460.82,4.82,457.12
2016,7,0.61844,-0.621,10,460.84,4.3,457.66
2016,8,0,-0.625,9.9,460.82,3.86,458.38
2016,9,2.8878,-0.681,9.9,460.95,4.16,458.47
2016,10,-0.43309,-0.713,9.8,461.15,3.76,458.98
2016,11,0,-0.821,9.8,461.26,4.23,457.76
2016,12,-2.2861,-0.852,9.7,461.57,3.78,456.38
2017,1,-1.1653,-0.691,9.6,461.91,3.52,456.88
2017,2,0,-0.915,9.5,462.09,3.51,456.29
2017,3,-1.1563,-0.762,9.4,461.99,3.57,457
2017,4,-0.35293,-0.769,9.2,462.16,3.3,456.65
2017,5,0,-0.781,9.2,462.04,3.03,458.95
2017,6,0.33085,-0.687,9.1,462.01,2.88,460.21
2017,7,-0.91743,-0.694,9,462.08,2.68,461.77
2017,8,0,-0.757,9,462.26,2.73,463.82
2017,9,-0.26788,-0.741,8.9,462.48,2.62,463.9
2017,10,-1.2163,-0.774,8.8,462.52,2.39,463.49
2017,11,0,-0.744,8.7,462.82,2.73,463.53
2017,12,-0.77724,-0.688,8.7,462.93,2.79,463.91
2018,1,1.7456,-0.627,8.7,463.2,2.56,465.07
2018,2,0,-0.683,8.6,463.22,2.86,465.54
2018,3,-1.9828,-0.694,8.5,463.36,3.15,465.65
2018,4,0.23352,-0.66,8.4,463.49,3.02,465.51
2018,5,0,-0.675,8.3,463.88,3.7,463.73
2018,6,-4.2565,-0.671,8.2,464.02,3.88,463.07
2018,7,-0.80095,-0.66,8.1,464.18,3.51,463.69
2018,8,0,-0.649,8,464.29,3.67,463.18
2018,9,0.41922,-0.62,8,464.55,3.55,463.54
2018,10,1.8038,-0.694,8,464.78,4.13,462.67
2018,11,0,-0.667,7.9,464.76,4.8,462.02
2018,12,-0.50399,-0.646,7.8,464.45,5.06,462.44
2019,1,1.5461,-0.541,7.8,464.47,4.49,462
2019,2,0,-0.558,7.8,464.6,3.97,461.62
2019,3,0.65087,-0.582,7.7,464.78,3.92,461.08
2019,4,-0.40465,-0.566,7.7,465.11,3.65,460.92
2019,5,0,-0.63,7.6,465.18,4.32,461.24
2019,6,3.1798,-0.683,7.5,465.22,3.71,461.82
